,City,Cloudiness,Country,Date,Humidity,Lat,Lng,Max Temp,Wind Speed
0,mataura,78.0,NZ,1568082183,64,-46.19,168.86,50,11.99
1,san cristobal,90.0,HN,1568082183,93,14.68,-86.92,67.91,6.4
2,mariakani,56.0,KE,1568082183,84,-3.87,39.47,69.53,7.47
3,talnakh,40.0,RU,1568082183,93,69.49,88.39,35.6,8.95
4,guangyuan,99.0,CN,1568082183,85,32.43,105.86,73.99,3.04
5,georgetown,20.0,GY,1568081972,83,6.8,-58.16,82.4,9.17
6,saskylakh,0.0,RU,1568082184,53,71.97,114.09,38.93,10.11
7,cidreira,100.0,BR,1568082184,66,-30.17,-50.22,72.77,11.99
8,kodiak,1.0,US,1568082184,69,39.95,-94.76,81,8.05
9,bulaevo,100.0,KZ,1568082184,89,54.91,70.44,50.27,9.6
10,kavieng,75.0,PG,1568082184,77,-2.57,150.8,82.13,14.12
11,mount isa,100.0,AU,1568082184,15,-20.73,139.49,73.4,13.87
12,cayenne,0.0,GF,1568082184,100,4.94,-52.33,73.4,4.61
13,nouadhibou,35.0,MR,1568082185,78,20.93,-17.03,78.8,16.11
14,manzanillo,26.0,MX,1568082185,70,19.05,-104.32,83.93,5.26
15,aguimes,20.0,ES,1568082185,78,27.91,-15.45,73.99,20.8
16,ribeira grande,0.0,PT,1568082185,69,38.52,-28.7,68.81,1.61
17,bonavista,16.0,CA,1568082185,82,48.65,-53.11,46,5.01
18,barcelos,84.0,BR,1568082185,82,-0.97,-62.93,76.73,2.98
19,iguape,21.0,BR,1568082186,74,-24.7,-47.56,70.97,2.33
20,cape town,0.0,ZA,1568082021,93,-33.93,18.42,60.01,4.7
21,chuy,3.0,UY,1568082186,87,-33.69,-53.46,54.23,12.41
22,albany,40.0,US,1568081973,82,42.65,-73.75,62.6,3.36
23,sakaiminato,75.0,JP,1568082186,74,35.55,133.23,87.8,6.93
24,khatanga,100.0,RU,1568082186,83,71.98,102.47,36.41,12.21
25,provideniya,90.0,RU,1568082186,81,64.42,-173.23,51.8,6.71
26,hoyerswerda,0.0,DE,1568082187,93,51.43,14.25,54,8.05
27,thetford mines,3.0,CA,1568082187,91,46.09,-71.3,57,0.94
29,kapaa,40.0,US,1568082187,62,22.08,-159.32,91.4,16.11
30,luderitz,0.0,NA,1568082187,45,-26.65,15.16,64.4,4.7
31,tuktoyaktuk,20.0,CA,1568082187,59,69.44,-133.03,60.8,8.05
32,opuwo,0.0,NA,1568082188,20,-18.06,13.84,56.39,6.6
33,vardo,1.0,US,1568082188,88,39.62,-77.74,69.01,2.04
34,iqaluit,75.0,CA,1568082188,80,63.75,-68.52,39.2,10.29
35,punta arenas,0.0,CL,1568082188,80,-53.16,-70.91,39.2,12.75
36,caravelas,100.0,BR,1568082188,83,-17.73,-39.27,70.25,5.82
37,kununurra,9.0,AU,1568082189,7,-15.77,128.74,80.6,19.46
38,qaanaaq,95.0,GL,1568082189,64,77.48,-69.36,26.87,5.82
39,sangueya,100.0,GN,1568082189,94,10.7,-14.37,75.29,5.48
40,bilibino,99.0,RU,1568082189,65,68.06,166.44,47.39,8.16
42,coquimbo,0.0,CL,1568082189,76,-29.95,-71.34,51.8,3.36
43,ushuaia,0.0,AR,1568082189,60,-54.81,-68.31,39.2,6.93
44,san antonio,0.0,CL,1568082137,76,-33.58,-71.61,51.8,3.36
45,atuona,33.0,PF,1568082190,78,-9.8,-139.03,80.33,21
46,hermanus,74.0,ZA,1568082190,93,-34.42,19.24,57.99,7.65
47,beloha,50.0,MG,1568082190,73,-25.17,45.06,66.83,10.16
49,butaritari,100.0,KI,1568082190,73,3.07,172.79,83.21,10.83
50,qidong,0.0,CN,1568082191,63,31.81,121.66,104,5.61
51,nioro,100.0,GM,1568082191,89,13.79,-15.05,75.65,9.1
52,le port,100.0,FR,1568082191,70,42.87,1.37,57,3
54,leon,1.0,US,1568082191,88,40.74,-93.75,78.8,4.7
55,beaverlodge,90.0,CA,1568082192,93,55.21,-119.43,50,12.75
56,kalmunai,61.0,LK,1568082192,52,7.42,81.82,88.79,2.98
58,tambongon,75.0,PH,1568082192,70,7.26,125.66,89.01,4.7
59,saint-pierre,0.0,FR,1568082192,81,48.95,4.24,50,5.82
60,billings,75.0,US,1568082193,42,45.79,-108.5,66.2,5.26
61,santa rosa,100.0,AR,1568082193,77,-36.62,-64.29,48.11,3.89
62,ilulissat,0.0,GL,1568082193,59,69.22,-51.1,32,8.05
64,zorritos,75.0,PE,1568082193,33,-3.68,-80.68,89.6,2.24
65,kaitangata,80.0,NZ,1568082193,45,-46.28,169.85,53.01,5.01
66,saint andrews,0.0,NZ,1568082194,49,-44.53,171.19,54,4
67,jamestown,0.0,AU,1568082194,40,-33.21,138.6,62.15,6.98
68,east london,0.0,ZA,1568082194,42,-33.02,27.91,63.05,0.6
69,bluff,0.0,AU,1568082194,17,-23.58,149.07,72.23,14.29
70,rikitea,86.0,PF,1568082195,72,-23.12,-134.97,69.71,13.13
71,mar del plata,0.0,AR,1568081978,77,-46.43,-67.52,37.13,13.89
72,butembo,77.0,CD,1568082195,97,0.12,29.29,58.91,2.28
73,basoko,85.0,CD,1568082195,99,1.23,23.61,67.01,0.69
74,busselton,0.0,AU,1568082195,56,-33.64,115.35,71.01,4.09
75,mezhdurechensk,63.0,RU,1568082195,84,53.69,88.07,52.97,3.47
76,hobart,75.0,AU,1568082196,47,-42.88,147.33,62.01,17.22
77,yulara,0.0,AU,1568082196,19,-25.24,130.99,69.8,13.87
78,porto novo,0.0,BR,1568082196,68,-23.68,-45.44,68,1.12
79,luang prabang,75.0,LA,1568082196,94,19.89,102.14,78.8,2.24
80,guaimaca,75.0,HN,1568082196,68,14.53,-86.82,71.6,6.4
81,bradford,2.0,GB,1568082181,93,53.79,-1.75,54,5.82
82,chokurdakh,100.0,RU,1568082197,69,70.62,147.9,44.33,15.03
83,alihe,100.0,CN,1568082197,48,50.57,123.73,54.77,6.91
84,ust-ilimsk,73.0,RU,1568082197,52,57.96,102.73,58.91,6.58
85,geraldton,90.0,CA,1568082197,76,49.72,-86.95,51.8,5.82
86,north bend,40.0,US,1568082197,88,43.41,-124.22,64.4,9.17
88,cherskiy,100.0,RU,1568082197,78,68.75,161.3,47.03,6.31
89,upernavik,0.0,GL,1568082198,54,72.79,-56.15,34.61,6.24
90,khash,0.0,IR,1568082198,11,28.22,61.21,74.75,2.26
91,castro,0.0,CL,1568082198,81,-42.48,-73.76,42.8,8.05
92,erenhot,0.0,CN,1568082198,38,43.65,111.97,69.17,9.8
93,santa barbara,1.0,US,1568081913,82,34.42,-119.7,71.6,7.4
94,sitrah,0.0,BH,1568082198,62,26.15,50.62,89.6,16.11
95,portland,1.0,US,1568082170,100,43.66,-70.25,57.2,1.52
96,airai,5.0,TL,1568082199,32,-8.93,125.41,87.17,2.66
97,pisco,3.0,PE,1568082199,77,-13.71,-76.2,62.6,11.41
98,puerto ayora,5.0,EC,1568082199,87,-0.74,-90.35,66.99,3
99,victoria,75.0,BN,1568082199,88,5.28,115.24,86,1.12
100,faanui,43.0,PF,1568082199,82,-16.48,-151.75,78.17,13.85
101,hithadhoo,26.0,MV,1568082200,71,-0.6,73.08,83.57,7.27
102,tasiilaq,100.0,GL,1568082200,79,65.61,-37.64,39.2,20.8
103,panguna,100.0,PG,1568082200,86,-6.32,155.48,77.99,19.62
104,kruisfontein,0.0,ZA,1568082200,94,-34,24.73,54.05,2.04
105,mahebourg,20.0,MU,1568082200,68,-20.41,57.7,68,8.05
106,ponta do sol,43.0,BR,1568082200,46,-20.63,-46,69.35,6.04
107,okhotsk,0.0,RU,1568082201,37,59.36,143.24,61.97,13.04
109,nikolskoye,40.0,RU,1568082201,100,59.7,30.79,55.4,6.71
110,vestmannaeyjar,100.0,IS,1568082201,79,63.44,-20.27,49.01,17
111,sao joao da barra,67.0,BR,1568082201,92,-21.64,-41.05,65.93,0.72
112,barrow,100.0,AR,1568082201,71,-38.31,-60.23,44.69,6.22
114,liku,7.0,ID,1568082202,58,-0.73,119.89,81.05,6.85
116,xuanhua,100.0,CN,1568082202,96,40.61,115.04,58.19,5.23
117,vagur,36.0,FO,1568082202,82,61.47,-6.81,49.91,11.52
118,henties bay,0.0,NA,1568082202,95,-22.12,14.28,55,4
119,ingham,13.0,AU,1568082203,17,-18.65,146.16,80.51,4.18
120,dalvik,100.0,SE,1568082203,100,57.79,14.13,59,3.36
121,saint george,20.0,GR,1568082203,77,39.45,22.34,64.4,4.7
122,new norfolk,75.0,AU,1568082203,47,-42.78,147.06,62.01,17.22
124,saint-philippe,1.0,CA,1568082203,76,45.36,-73.48,55.4,2.24
125,poronaysk,33.0,RU,1568082203,68,49.22,143.1,62.69,13.29
126,concarneau,20.0,FR,1568082204,93,47.88,-3.92,57.2,11.41
127,belaya gora,100.0,RU,1568082204,80,68.54,146.19,43.61,14.27
128,port elizabeth,1.0,US,1568082204,88,39.31,-74.98,72,3.4
129,diamantino,9.0,BR,1568082204,26,-14.4,-56.44,77.45,6.13
131,luganville,75.0,VU,1568082204,78,-15.51,167.18,78.8,6.93
132,vanimo,96.0,PG,1568082204,83,-2.67,141.3,80.15,7.58
133,bani,36.0,YE,1568082205,88,16.02,42.93,85.55,10.09
134,alofi,75.0,NU,1568082205,74,-19.06,-169.92,78.8,6.93
135,bethel,75.0,US,1568082205,81,60.79,-161.76,57.2,12.75
136,hilo,75.0,US,1568082205,65,19.71,-155.08,82.4,8.05
137,avarua,100.0,CK,1568082205,69,-21.21,-159.78,77,12.75
138,santa fe,93.0,AR,1568082205,89,-31.62,-60.7,57.99,1.99
139,bambous virieux,20.0,MU,1568082206,68,-20.34,57.76,68,8.05
140,hamilton,20.0,CA,1568082206,87,43.26,-79.87,61,4.7
141,dirba,96.0,NG,1568082206,96,10.1,13.23,66.29,0.78
142,grindavik,75.0,IS,1568082206,100,63.84,-22.43,48.2,5.82
143,zhigansk,0.0,RU,1568082207,53,66.77,123.37,47.21,9.15
144,jining,41.0,CN,1568082207,54,35.41,116.58,85.19,5.97
145,cabedelo,20.0,BR,1568082207,94,-6.97,-34.84,71.6,2.24
146,salinopolis,71.0,BR,1568082207,79,-0.61,-47.36,81.41,18.86
147,aykhal,90.0,RU,1568082207,87,65.95,111.51,44.6,2.24
148,leningradskiy,25.0,RU,1568082207,73,69.38,178.42,46.67,15.28
149,arraial do cabo,0.0,BR,1568082208,88,-22.97,-42.02,69.8,20.8
150,yellowknife,5.0,CA,1568082208,87,62.45,-114.38,50,6.93
151,kochi,90.0,IN,1568082208,94,9.96,76.25,77,4.7
152,agen,100.0,FR,1568082208,100,44.2,0.62,57,4.7
153,souillac,31.0,FR,1568082208,93,45.6,-0.6,54,3.36
154,caceres,14.0,CO,1568082208,95,5.53,-74.53,64.85,5.14
155,shelburne,1.0,CA,1568082209,87,44.08,-80.2,59,2.24
156,sun city west,1.0,US,1568082209,28,33.66,-112.34,96.8,4.7
157,brus laguna,51.0,HN,1568082209,74,15.75,-84.48,84.83,17.63
158,neiafu,40.0,TO,1568082209,69,-18.65,-173.98,80.6,5.82
159,berlevag,94.0,NO,1568082209,66,70.86,29.09,50.81,13.27
160,severo-kurilsk,39.0,RU,1568082209,87,50.68,156.12,50.63,20.27
161,ahipara,41.0,NZ,1568082210,100,-35.17,173.16,62.01,7.47
162,esperance,0.0,AU,1568082210,33,-33.86,121.89,71.6,13.87
163,piacabucu,91.0,BR,1568082210,89,-10.41,-36.43,73.67,8.66
164,khuzhir,45.0,RU,1568082210,54,53.19,107.35,54.41,6.87
165,beihai,0.0,CN,1568082210,50,38.95,121.19,80.01,8.95
166,mackay,90.0,CA,1568082210,100,53.65,-115.58,48.2,6.93
167,lebu,75.0,ET,1568082211,93,8.96,38.73,55.4,6.93
168,praia da vitoria,75.0,PT,1568082211,83,38.73,-27.07,69.8,3.11
169,bredasdorp,99.0,ZA,1568082211,93,-34.53,20.04,59,2.51
170,vaini,40.0,IN,1568082211,94,15.34,74.49,69.8,3.36
171,dikson,100.0,RU,1568082211,90,73.51,80.55,34.79,29.3
172,sompeta,100.0,IN,1568082045,68,18.93,84.6,85.55,2.42
174,nanakuli,20.0,US,1568082212,46,21.39,-158.15,91.4,20.8
176,veraval,0.0,FR,1568082212,87,49.65,0.71,51.8,4.7
177,salalah,90.0,OM,1568082212,88,17.01,54.1,80.6,2.24
178,ostrovnoy,3.0,RU,1568082212,84,68.05,39.51,46.49,9.62
179,sola,100.0,TZ,1568082212,50,-3.17,33.8,72.05,8.08
180,muros,40.0,ES,1568082213,93,42.77,-9.06,59,5.82
181,agadez,1.0,NE,1568082213,48,16.97,7.99,86,18.19
182,chara,20.0,GR,1568082213,77,39.42,22.43,64.4,4.7
183,gikongoro,98.0,RW,1568082213,59,-2.46,29.57,59.81,2.98
184,lakatoro,100.0,VU,1568082213,68,-16.11,167.42,77.27,10.83
185,lakeway,1.0,US,1568082213,58,30.36,-97.99,86,8.05
186,tanabe,20.0,JP,1568082214,79,33.73,135.39,93.99,4.7
187,san ignacio,58.0,PE,1568082214,86,-5.15,-79,61.07,2.24
188,nyurba,100.0,RU,1568082214,65,63.29,118.35,57.29,2.53
189,nyamuswa,6.0,TZ,1568082214,61,-1.9,34.02,67.37,3.89
190,carnarvon,0.0,ZA,1568082214,15,-30.97,22.13,56.39,6.85
191,constitucion,75.0,MX,1568082214,55,23.99,-104.67,66.99,6.93
192,nanortalik,95.0,GL,1568082215,88,60.14,-45.24,39.65,4.59
193,tres arroyos,100.0,AR,1568082215,71,-38.38,-60.28,44.69,6.22
194,maceio,40.0,BR,1568082215,88,-9.67,-35.74,73.4,2.24
195,whitehorse,20.0,CA,1568081935,15,60.72,-135.06,68,10.29
196,daru,1.0,PG,1568082215,52,-9.07,143.21,79.61,10.76
197,ambon,40.0,FR,1568082215,93,47.55,-2.56,57,8.05
198,nichinan,20.0,JP,1568082216,79,31.65,131.31,86,6.93
199,koraput,100.0,IN,1568082209,86,18.81,82.72,76.55,12.33
200,homer,90.0,US,1568082216,87,59.64,-151.54,61,8.05
201,horsham,99.0,AU,1568082216,66,-36.71,142.2,52.07,4.41
202,la romana,75.0,DO,1568082216,94,18.43,-68.97,78.8,4.29
203,namatanai,100.0,PG,1568082216,81,-3.66,152.44,78.35,20.65
206,yeniseysk,29.0,RU,1568082217,64,58.45,92.17,57.83,1.88
207,vila velha,75.0,BR,1568082217,74,-3.71,-38.6,80.6,14.99
208,nazarovo,100.0,RU,1568082217,94,56.01,90.42,51.53,10.8
209,saldanha,99.0,PT,1568082217,77,41.42,-6.55,52.79,7.16
210,markova,0.0,RU,1568082217,81,52.21,104.21,51.8,4.47
211,hay river,5.0,CA,1568082217,47,60.82,-115.79,55.4,4.7
212,buritizeiro,52.0,BR,1568082218,51,-17.37,-44.96,65.93,3.53
214,namibe,0.0,AO,1568082218,90,-15.19,12.15,66.11,13.98
215,burns lake,100.0,CA,1568082218,96,54.23,-125.76,43.61,4.59
216,weihe,100.0,CN,1568082218,85,32.99,105.33,73.99,4
217,phangnga,40.0,TH,1568082218,78,8.45,98.53,82.4,1.12
218,saint-denis,0.0,FR,1568082219,71,48.94,2.36,55,5.82
219,carauari,100.0,BR,1568082219,67,-4.88,-66.9,78.35,2.13
220,maningrida,0.0,AU,1568082219,22,-12.05,134.23,88.79,12.64
221,merta,100.0,IN,1568082027,74,26.65,74.03,85.55,8.72
222,nalut,0.0,LY,1568082219,39,31.86,10.98,77.45,5.57
223,yar-sale,100.0,RU,1568082219,91,66.83,70.83,45.23,23.02
224,jishou,12.0,CN,1568082219,76,28.26,109.7,81.05,4.94
225,la macarena,34.0,CO,1568082220,97,2.18,-73.79,71.87,2.15
226,bassar,100.0,TG,1568082220,93,9.26,0.78,72.95,2.28
227,hasaki,40.0,JP,1568082220,70,35.73,140.83,93,4.7
230,abonnema,100.0,NG,1568082220,93,4.71,6.79,74.39,4.59
231,rio gallegos,40.0,AR,1568082220,69,-51.62,-69.22,35.6,5.82
232,lompoc,1.0,US,1568082221,82,34.64,-120.46,70,13.87
233,guerrero negro,0.0,MX,1568082221,82,27.97,-114.04,67.37,11.41
234,vaitape,43.0,PF,1568081923,82,-16.52,-151.75,78.17,13.85
235,verkhoyansk,87.0,RU,1568082221,63,67.55,133.39,46.67,10.54
236,black river,20.0,JM,1568082221,74,18.03,-77.85,84.2,3.36
237,kandrian,0.0,PG,1568082221,53,-6.21,149.55,82.49,12.64
238,novyy urengoy,100.0,RU,1568082222,82,66.08,76.63,39.65,22.39
239,liuhe,100.0,CN,1568082222,79,42.28,125.73,61.25,5.19
240,ios,0.0,GR,1568082222,78,36.73,25.28,73.99,11.41
241,agua prieta,40.0,MX,1568082222,63,31.32,-109.55,75,4
242,pitimbu,20.0,BR,1568082151,94,-7.47,-34.81,71.6,2.24
243,tromso,100.0,NO,1568082222,100,69.65,18.96,50,9.17
244,acapulco,40.0,MX,1568082222,74,16.86,-99.88,84.2,3.85
246,teguldet,100.0,RU,1568082070,75,57.31,88.17,54.05,4.79
247,agirish,100.0,RU,1568082223,69,61.92,63.02,44.33,8.37
248,noyabrsk,85.0,RU,1568082223,63,63.2,75.45,41.45,14.38
249,sitka,62.0,US,1568082223,65,37.17,-99.65,81,11.01
250,takhtamygda,14.0,RU,1568082223,60,54.1,123.57,53.69,5.88
251,toowoomba,0.0,AU,1568082224,29,-27.56,151.95,68,8.05
252,zhuhai,40.0,CN,1568082224,93,40.71,112.04,60.8,6.71
253,thompson,90.0,CA,1568082224,75,55.74,-97.86,42.8,5.82
254,aksha,0.0,RU,1568082224,46,50.28,113.29,58.01,5.03
256,gimli,100.0,CA,1568082224,95,50.63,-96.99,54,3
257,kieta,100.0,PG,1568082224,82,-6.22,155.63,78.89,17.94
258,mount gambier,90.0,AU,1568082225,81,-37.83,140.78,51.8,8.05
259,labytnangi,100.0,RU,1568082225,98,66.66,66.39,42.53,5.08
260,goksun,0.0,TR,1568082225,59,38.02,36.5,66.2,2.24
261,miraflores,0.0,PE,1568082225,28,-16.39,-71.52,55.4,3.36
262,pevek,76.0,RU,1568082225,81,69.7,170.27,44.69,3.29
263,bien hoa,40.0,VN,1568082225,83,10.95,106.82,84.2,11.41
264,the valley,20.0,AI,1568082226,79,18.22,-63.06,84.99,5.82
265,olavarria,99.0,AR,1568082226,87,-36.89,-60.32,50,42.99
266,maldonado,90.0,UY,1568082226,100,-34.91,-54.96,53.6,18.34
267,husavik,100.0,CA,1568082226,95,50.56,-96.99,54,3
268,clyde river,90.0,CA,1568082226,86,70.47,-68.59,37.4,12.75
269,padang,60.0,ID,1568082226,85,-0.92,100.36,80.33,13.13
270,lorengau,100.0,PG,1568082227,82,-2.02,147.27,79.25,10.31
271,troitskoye,65.0,RU,1568082227,82,52.98,84.68,53.69,4.18
272,podgornoye,100.0,RU,1568082227,90,57.79,82.64,50.45,7.2
273,isangel,75.0,VU,1568082227,69,-19.55,169.27,78.8,6.93
274,nuuk,0.0,GL,1568082227,86,64.17,-51.74,39.2,3.36
275,nago,90.0,IT,1568082227,100,45.88,10.89,62.01,11.41
277,havre-saint-pierre,20.0,CA,1568082228,93,50.23,-63.6,44.6,5.82
278,soyo,100.0,AO,1568082228,84,-6.13,12.37,73.67,8.59
279,sweetwater,1.0,US,1568082228,61,32.47,-100.41,87.8,2.77
280,touros,20.0,BR,1568082228,94,-5.2,-35.46,71.6,3.36
281,pinheiro,95.0,BR,1568082228,97,-2.53,-45.09,72.05,3.24
282,port moresby,20.0,PG,1568082229,58,-9.47,147.16,82.4,17.22
283,carutapera,63.0,BR,1568082229,78,-1.2,-46.02,79.43,8.08
284,arman,0.0,RU,1568082229,38,59.7,150.17,56.21,10.38
285,port alfred,0.0,ZA,1568082229,94,-33.59,26.89,64,1.95
286,lima,90.0,PE,1568082229,87,-12.06,-77.04,60.8,9.17
287,karratha,92.0,AU,1568082229,20,-20.74,116.85,90.95,1.9
288,college,20.0,US,1568082230,45,64.86,-147.8,66.99,6.93
289,deputatskiy,89.0,RU,1568082230,71,69.3,139.9,36.05,17.63
290,tezu,100.0,IN,1568082230,98,27.93,96.16,73.13,2.64
291,neuquen,0.0,AR,1568082230,71,-38.95,-68.06,50,5.44
292,komsomolskiy,100.0,RU,1568082230,95,67.55,63.78,46.67,16.15
293,tommot,34.0,RU,1568082230,71,58.97,126.27,56.57,8.14
294,atambua,30.0,ID,1568082231,74,-9.11,124.89,76.91,11.48
295,norman wells,20.0,CA,1568082231,33,65.28,-126.83,73.4,13.87
296,bandarbeyla,78.0,SO,1568082231,66,9.49,50.81,76.91,23.91
297,codrington,90.0,AU,1568082231,37,-28.95,153.24,66.2,13.87
299,new port richey,90.0,US,1568082000,100,28.24,-82.72,86,11.07
300,ginir,50.0,ET,1568082232,84,7.14,40.71,56.57,6.11
302,tlaltenango,90.0,MX,1568082232,93,19.17,-98.35,57.2,10.29
303,marondera,0.0,ZW,1568082232,41,-18.19,31.55,43.07,2.64
304,vaniyambadi,100.0,IN,1568082232,70,12.68,78.62,79.25,6.82
305,madang,97.0,CN,1568082232,82,35.32,102.79,49.55,5.79
306,tilichiki,100.0,RU,1568082233,89,60.47,166.1,46.85,22.06
307,manokwari,98.0,ID,1568082233,80,-0.87,134.08,78.35,4.85
308,banjar,81.0,ID,1568082233,64,-7.37,108.54,80.33,3.65
309,bubaque,100.0,GW,1568082233,76,11.28,-15.83,80.51,5.06
310,anadyr,40.0,RU,1568082233,71,64.73,177.51,51.8,11.18
311,mehamn,100.0,NO,1568082233,53,71.03,27.85,49.01,5.55
312,pochutla,90.0,MX,1568082234,66,15.74,-96.47,86,5.82
314,lucapa,100.0,AO,1568082234,36,-8.42,20.74,67.73,2.3
315,hengyang,0.0,CN,1568082234,50,26.89,112.6,92.75,5.06
316,port lincoln,48.0,AU,1568082234,71,-34.72,135.86,54.05,6.31
318,katsuura,40.0,JP,1568082234,66,33.93,134.5,93,2.24
319,yumen,0.0,CN,1568082234,39,40.29,97.04,72.77,24.72
321,taiyuan,40.0,CN,1568082235,72,37.86,112.56,68,2.24
322,chabahar,97.0,IR,1568082235,74,25.29,60.65,78.8,2.89
323,qasigiannguit,0.0,GL,1568082235,69,68.82,-51.19,32,8.05
324,ziarat,0.0,PK,1568082235,12,30.38,67.73,71.15,2.44
325,key largo,40.0,US,1568081963,79,25.09,-80.45,84.99,10.29
326,bell ville,96.0,AR,1568082235,82,-32.63,-62.69,57.99,11.99
327,caldwell,1.0,US,1568082236,55,43.67,-116.69,71.6,3.49
328,tiznit,0.0,MA,1568082236,91,29.7,-9.73,68.09,5.95
329,chililabombwe,0.0,ZM,1568082236,55,-12.37,27.84,48.65,3.91
330,cabatuan,84.0,PH,1568082236,78,16.95,121.67,82.13,3.98
331,viedma,99.0,AR,1568082236,83,-40.81,-62.99,45.77,11.01
332,kannabe,40.0,JP,1568082236,66,34.53,133.38,93,2.24
333,northam,0.0,AU,1568082237,44,-31.65,116.67,75.2,5.82
334,longyearbyen,90.0,NO,1568082237,69,78.22,15.63,39.2,21.92
335,tuatapere,77.0,NZ,1568082237,64,-46.13,167.69,50,11.99
336,narsaq,24.0,GL,1568082237,31,60.91,-46.05,46.4,13.87
337,mbekenyera,48.0,TZ,1568082237,71,-10,38.98,65.03,0.72
338,tshikapa,100.0,CD,1568082237,41,-6.42,20.79,73.13,0.87
339,kenai,90.0,US,1568082238,87,60.55,-151.26,61,11.41
340,rawson,14.0,AR,1568082238,59,-43.3,-65.11,41.27,9.84
342,balikpapan,75.0,ID,1568082238,52,-1.24,116.86,87.17,3.96
343,campobasso,12.0,IT,1568082238,80,41.56,14.66,62.01,1.99
346,talcahuano,90.0,CL,1568082238,87,-36.72,-73.12,51.8,11.41
347,miranda,0.0,BR,1568082239,34,-20.24,-56.38,78.53,1.88
348,shimoda,20.0,JP,1568082239,84,34.7,138.93,88,9.17
349,klaksvik,59.0,FO,1568082239,93,62.23,-6.59,50,9.17
350,cabo san lucas,5.0,MX,1568081941,69,22.89,-109.91,82,11.41
351,tuy hoa,100.0,VN,1568082239,49,13.08,109.3,89.51,12.82
352,mayor pablo lagerenza,100.0,PY,1568082239,24,-19.93,-60.77,87.17,8.59
353,tingo maria,37.0,PE,1568082240,92,-9.29,-76.01,39.11,2.01
354,matane,40.0,CA,1568082240,71,48.83,-67.52,50,6.93
355,sao filipe,71.0,CV,1568082240,80,14.9,-24.5,77.45,13.62
356,taylors,1.0,US,1568082240,88,36.01,-85.36,75,4.7
357,koslan,38.0,RU,1568082012,92,63.46,48.9,46.13,4.63
358,skibbereen,0.0,IE,1568082240,87,51.55,-9.27,48.2,6.93
359,leh,0.0,IN,1568082240,15,34.16,77.58,47.03,5.66
360,severomorsk,0.0,RU,1568082241,93,69.07,33.42,44.6,10.6
361,xacmaz,41.0,AZ,1568082241,62,41.46,48.81,56.21,3.67
363,labuhan,85.0,ID,1568082241,33,-2.54,115.51,92.75,2.59
364,changli,72.0,CN,1568082241,89,30.54,105.42,73.13,7.81
366,kuusamo,75.0,FI,1568082241,100,65.96,29.19,46.4,2.24
367,mayo,90.0,CA,1568082242,20,63.59,-135.9,73.4,13.87
368,mama,90.0,MX,1568082242,88,20.48,-89.36,79,4.7
369,winslow,75.0,GB,1568082242,100,51.94,-0.88,55.4,1.68
370,areka,100.0,ET,1568082242,86,7.07,37.71,63.77,1.03
371,mata,100.0,PT,1568082243,93,40.68,-7.46,55.99,2.95
373,faya,92.0,SA,1568082243,88,18.39,42.45,68,6.93
374,dzhebariki-khaya,0.0,RU,1568082243,61,62.22,135.8,56.57,6.42
376,gayny,33.0,RU,1568082243,79,60.3,54.33,43.61,3.2
377,nome,1.0,US,1568082243,69,30.04,-94.42,86,4.7
378,chowchilla,1.0,US,1568082244,32,37.12,-120.26,82.4,10.29
379,almeirim,69.0,BR,1568082244,89,-1.53,-52.58,74.75,3.62
380,darovskoy,0.0,RU,1568082244,95,58.77,47.96,46.67,1.59
381,oriximina,54.0,BR,1568082244,61,-1.77,-55.87,83.03,4.32
382,zhaotong,100.0,CN,1568082244,95,27.34,103.71,60.35,2.39
383,nyrsko,20.0,CZ,1568082244,100,49.29,13.14,52,5.03
384,lavrentiya,100.0,RU,1568082245,87,65.58,-170.99,47.57,3.74
385,saint-joseph,20.0,FR,1568082245,72,43.56,6.97,64.4,5.82
386,ulladulla,0.0,AU,1568082245,41,-35.36,150.48,59,16.11
388,tiksi,89.0,RU,1568082245,60,71.64,128.87,38.03,16.49
389,misratah,0.0,LY,1568082245,73,32.38,15.09,79.61,13.42
391,camacha,75.0,PT,1568082246,73,33.08,-16.33,71.6,11.41
392,fort nelson,20.0,CA,1568082246,47,58.81,-122.69,59,5.82
394,madimba,75.0,CM,1568082246,100,4.42,9.93,75.2,2.24
395,torbay,5.0,CA,1568082136,93,47.66,-52.73,48.99,10.29
396,vao,0.0,EE,1568082246,90,59.1,26.19,56.75,7.7
397,sayat,0.0,TM,1568082246,54,38.78,63.88,53.6,6.93
398,neusiedl am see,75.0,AT,1568082247,93,47.95,16.84,52,3.36
400,lata,28.0,IN,1568082247,68,30.78,78.62,49.55,3.44
401,dortyol,0.0,TR,1568082247,83,36.86,36.23,75.2,4.7
402,khanapur,40.0,IN,1568082247,94,15.64,74.51,69.8,3.36
403,sao felix do xingu,7.0,BR,1568082247,58,-6.64,-51.99,75.11,1.68
404,balmazujvaros,40.0,HU,1568082247,100,47.62,21.35,55.4,3.36
405,binalbagan,29.0,PH,1568082248,79,10.19,122.86,82.67,10.87
407,bousse,0.0,FR,1568082248,76,49.28,6.2,50,2.89
408,tagcatong,100.0,PH,1568082248,66,9,125.26,86.09,15.59
409,lokosovo,27.0,RU,1568082248,68,61.13,74.84,41.81,6.13
410,mayumba,100.0,GA,1568082248,87,-3.44,10.65,74.03,5.77
412,santa cruz cabralia,75.0,BR,1568082249,69,-16.28,-39.02,75.2,12.75
413,rondonopolis,62.0,BR,1568082249,32,-16.46,-54.64,79.97,4.43
414,dharmavaram,88.0,IN,1568082238,64,14.41,77.72,80.51,20.02
415,mira loma,1.0,US,1568082249,69,33.99,-117.52,78.01,7.99
416,aklavik,40.0,CA,1568082249,35,68.22,-135.01,69.8,6.93
417,alindao,100.0,CF,1568082249,98,5.04,21.21,66.29,1.48
418,palmerston,0.0,AU,1568082250,8,-12.49,130.99,89.01,18.34
419,kommunar,40.0,RU,1568082250,100,59.62,30.39,55.4,6.71
420,guanica,7.0,PR,1568082250,90,17.97,-66.91,81,5.46
421,vila,75.0,IT,1568082250,76,45.18,8.4,63,4.7
422,alyangula,33.0,AU,1568082250,32,-13.85,136.42,82.4,20.8
423,del rio,1.0,US,1568082148,45,29.36,-100.9,91.4,13.87
426,kropotkin,0.0,RU,1568082251,44,45.43,40.58,61,16.73
427,cartagena,50.0,ES,1568082251,73,37.63,-1,73.4,6.93
429,sorland,0.0,NO,1568082251,87,67.67,12.69,46.4,1.12
430,aketi,92.0,CD,1568082251,99,2.74,23.78,66.29,2.1
431,nazilli,0.0,TR,1568082049,69,37.91,28.32,61.43,2.66
433,lufkin,1.0,US,1568082252,88,31.34,-94.73,75.2,5.82
434,pailon,50.0,BO,1568082252,51,-17.66,-62.72,82.4,14.99
435,koygorodok,19.0,RU,1568082252,88,60.44,51.01,45.23,2.33
436,catarman,100.0,PH,1568082252,62,12.5,124.64,87.71,12.08
437,polovinnoye,100.0,RU,1568082252,93,54.79,65.99,48.47,9.19
438,thessalon,1.0,CA,1568082252,82,46.26,-83.55,57.2,4.7
439,anqing,0.0,CN,1568082253,49,30.51,117.04,88.43,5.64
440,karkal,75.0,IN,1568082253,88,13.2,74.98,77,18.66
441,sebezh,57.0,RU,1568082253,94,56.29,28.48,58.19,6.4
442,cabras,100.0,CO,1568082253,89,5.5,-75.6,57,1.7
443,waingapu,52.0,ID,1568082253,43,-9.65,120.26,84.11,19.73
444,sangar,62.0,RU,1568082253,62,63.92,127.47,59.99,10.74
445,fukue,40.0,JP,1568082254,70,35.03,136.69,102,3.36
446,hami,0.0,CN,1568082254,20,42.84,93.51,79.97,4.36
447,pombas,2.0,BR,1568082254,36,-15.9,-54.74,76.19,2.95
448,bintulu,75.0,MY,1568082254,83,3.17,113.03,84.2,2.24
449,mikkeli,90.0,FI,1568082254,100,61.69,27.27,57.2,4.7
450,raiganj,3.0,IN,1568082255,63,25.63,88.13,90.23,2.68
451,glens falls,1.0,US,1568082174,87,43.31,-73.64,62.6,3.27
452,teahupoo,75.0,PF,1568082255,61,-17.83,-149.27,82.4,11.41
453,krizevci,0.0,HR,1568082255,93,46.02,16.54,55.99,5.82
454,bereda,40.0,ES,1568082255,82,43.27,-7.54,61,5.82
455,brae,100.0,GB,1568082255,87,60.4,-1.35,53.6,9.17
456,ozuluama,74.0,MX,1568082255,91,21.12,-98.35,69.89,3.87
457,eureka,20.0,US,1568082256,82,40.8,-124.16,66,3.36
458,arlit,4.0,NE,1568082256,19,18.74,7.39,94.55,3.44
459,sistranda,0.0,NO,1568082256,82,63.73,8.83,57.99,10.29
460,elbistan,0.0,TR,1568082256,78,38.2,37.19,49.37,5.5
461,verkhnevilyuysk,100.0,RU,1568082256,73,63.45,120.31,55.85,3.8
462,morros,0.0,BR,1568082257,83,-2.87,-44.04,80.6,9.17
464,athabasca,100.0,CA,1568082257,97,54.72,-113.29,44.51,8.28
465,abu dhabi,0.0,AE,1568081963,66,24.47,54.37,91.4,3.36
466,lebork,20.0,PL,1568082257,93,54.54,17.75,62.01,6.93
467,anloga,75.0,GH,1568082257,83,5.79,0.9,78.8,12.75
468,hellvik,75.0,NO,1568082257,87,59.92,5.78,57,5.82
469,yabrud,0.0,SY,1568082258,82,33.97,36.66,66.2,9.17
471,laramie,1.0,US,1568082258,50,41.31,-105.59,68,5.82
473,marawi,90.0,PH,1568082258,76,8,124.29,84,5.01
475,itoman,40.0,JP,1568082258,70,26.12,127.67,89.6,10.29
476,xining,100.0,CN,1568082258,90,36.62,101.77,47.93,4.47
477,marabba,100.0,SD,1568082259,83,12.35,32.18,74.21,3.44
478,gigmoto,100.0,PH,1568082259,75,13.78,124.39,84.29,13.62
479,lincoln,84.0,GB,1568082144,93,53.23,-0.54,55.4,5.82
480,fare,67.0,PF,1568082259,81,-16.7,-151.02,77.63,12.55
481,launceston,15.0,AU,1568082094,46,-41.43,147.14,55.99,10.29
482,malinovoye ozero,23.0,RU,1568082259,47,51.68,79.77,61.97,4.85
483,broome,75.0,GB,1568082259,93,52.47,1.45,54,1.21
484,innisfail,65.0,AU,1568082260,16,-17.52,146.03,75,5.99
485,somerset,75.0,US,1568082260,88,41.77,-71.13,64.99,0.87
486,charters towers,74.0,AU,1568082101,13,-20.07,146.27,75.47,17.72
487,tambacounda,75.0,SN,1568082260,88,13.77,-13.67,77,9.17
488,kawalu,9.0,ID,1568082260,35,-7.38,108.21,84.65,7.16
489,lisburn,63.0,GB,1568082260,87,54.51,-6.04,50,4.7
490,portoferraio,0.0,IT,1568082261,10,42.81,10.31,68,3.18
491,kahului,40.0,US,1568082261,46,20.89,-156.47,89.6,26.4
492,wyndham,40.0,GB,1568082261,93,51.61,-3.54,55.99,6.93
493,san quintin,100.0,PH,1568082261,88,17.54,120.52,77.45,6.04
494,stettler,100.0,CA,1568082246,95,52.32,-112.71,48.83,0.92
495,sur,36.0,OM,1568082261,41,22.57,59.53,86.81,1.59
496,bundaberg,0.0,AU,1568082262,22,-24.87,152.35,73.99,13.87
497,deogarh,100.0,IN,1568082262,83,21.53,84.72,80.69,4.7
498,thurso,20.0,CA,1568082262,71,45.6,-75.25,52,3.36
499,bridlington,91.0,GB,1568082262,93,54.08,-0.19,55.4,3.36
501,kolaras,100.0,IN,1568082262,82,25.22,77.61,81.95,3.94
503,portales,1.0,US,1568082263,64,34.19,-103.33,75.99,18.34
504,ola,0.0,RU,1568082263,52,59.58,151.3,56.03,16.06
505,brewster,90.0,US,1568082263,82,41.76,-70.08,64.99,3.36
506,dicabisagan,85.0,PH,1568082263,75,17.08,122.42,83.75,3.67
507,harper,1.0,US,1568082263,51,30.3,-99.24,82.4,4.7
508,bada,100.0,NG,1568082263,96,7.45,3.75,72.59,7.67
509,coihaique,0.0,CL,1568082264,86,-45.58,-72.07,33.8,2.24
510,seoul,90.0,KR,1568082055,112,37.57,126.98,82.4,2.24
511,sandnessjoen,97.0,NO,1568082264,72,66.02,12.63,59,6.93
512,manitouwadge,100.0,CA,1568082264,82,49.12,-85.84,46.31,2.64
513,kimbe,53.0,PG,1568082264,40,-5.56,150.15,87.35,8.95
514,dali,100.0,CN,1568082264,92,34.79,109.94,66.65,6.15
515,fairbanks,20.0,US,1568082199,45,64.84,-147.72,66.2,6.93
516,nabire,11.0,ID,1568082265,57,-3.36,135.5,81.59,7.65
518,beringovskiy,100.0,RU,1568082265,70,63.05,179.32,52.43,2.06
520,marathon,100.0,CA,1568082265,90,48.72,-86.38,47.93,3.69
521,adwa,48.0,ET,1568082265,91,14.16,38.9,58.73,3.29
524,road town,40.0,VG,1568081989,74,18.42,-64.62,84.2,5.82
525,raudeberg,49.0,NO,1568082266,93,61.99,5.14,53.01,6.93
526,herouville-saint-clair,90.0,FR,1568082266,87,49.21,-0.31,53.6,3.36
527,kavaratti,98.0,IN,1568082266,78,10.57,72.64,82.49,16.78
528,talas,84.0,KG,1568082266,74,42.52,72.24,45.59,7.92
529,beyneu,0.0,KZ,1568082266,45,45.32,55.19,62.33,4.63
530,lefka,20.0,GR,1568082267,77,39.1,22.35,66.99,2.24
531,kadrina,0.0,EE,1568082267,90,59.34,26.14,56.75,7.7
532,russell,1.0,US,1568082054,61,38.9,-98.86,80.01,10.29
533,bria,100.0,CF,1568082267,97,6.54,21.99,66.11,1.57
534,catuday,100.0,PH,1568082267,86,16.29,119.81,79.97,19.06
535,kangaba,100.0,ML,1568082267,94,11.94,-8.41,72.23,1.39
536,fortuna,75.0,US,1568082268,82,40.6,-124.16,66,9.17
537,tura,100.0,RU,1568082268,76,64.27,100.22,49.73,1.72
538,chapais,90.0,CA,1568082268,81,49.78,-74.86,48.2,5.82
539,dondo,0.0,MZ,1568082268,55,-19.62,34.74,60.35,5.06
540,iranshahr,0.0,IR,1568082268,15,27.21,60.69,86.81,2.3
541,chemal,88.0,RU,1568082269,86,51.41,86,47.03,3.98
542,roswell,75.0,US,1568082089,39,33.39,-104.52,84.2,12.75
543,kulhudhuffushi,100.0,MV,1568082269,80,6.62,73.07,82.49,12.24
544,tarauaca,90.0,BR,1568082269,70,-8.16,-70.77,76.01,2.3
545,westport,90.0,US,1568082269,64,41.14,-73.36,70,5.82
546,svolvaer,0.0,NO,1568082269,87,68.23,14.57,46.4,1.12
547,tsagan aman,0.0,RU,1568082270,47,47.57,46.72,59.27,8.59
548,buraydah,0.0,SA,1568082270,32,26.33,43.97,80.6,3.36
549,rio branco,0.0,BR,1568082270,65,-9.98,-67.82,82.4,2.24
550,balkhash,23.0,KZ,1568082270,49,46.84,74.98,59.27,8.97
551,tuscaloosa,1.0,US,1568082270,83,33.21,-87.57,82,6.93
552,raub,43.0,MY,1568082270,79,3.79,101.85,79.07,4
553,de-kastri,100.0,RU,1568082271,95,51.48,140.77,48.47,4.52
554,innoshima,75.0,JP,1568082271,69,34.28,133.18,93,3.36
555,staryy nadym,100.0,RU,1568082271,87,65.61,72.68,41.81,22.82
558,port macquarie,40.0,AU,1568082271,39,-31.43,152.91,66.99,19.46
559,unai,0.0,BR,1568082272,46,-16.36,-46.91,67.55,1.1
560,svetlaya,0.0,RU,1568082272,41,46.54,138.33,66.65,10.27
562,neryungri,100.0,RU,1568082272,80,56.66,124.71,48.29,3.4
563,erzin,0.0,TR,1568082272,83,36.95,36.2,75.2,4.7
564,teguise,0.0,ES,1568082272,78,29.06,-13.56,71.6,8.05
565,necochea,100.0,AR,1568082272,99,-38.55,-58.74,48,3
566,kamaishi,40.0,JP,1568082273,55,39.28,141.86,89.6,9.17
567,marienburg,20.0,DE,1568082273,100,52.12,9.98,52,5.82
568,sterling,20.0,US,1568082273,68,39,-77.4,73.99,1.92
569,ghanzi,0.0,BW,1568082273,22,-21.7,21.65,52.61,1.95
570,batu,16.0,ID,1568082273,29,-7.87,112.53,86.09,6.38
571,san jeronimo,71.0,PE,1568082274,95,-13.65,-73.37,47.93,2.19
572,atar,50.0,MR,1568082274,36,20.52,-13.05,89.51,13.4
573,simao,100.0,CN,1568082274,98,22.76,100.79,68.99,2.59
574,hammerfest,0.0,NO,1568082274,61,70.66,23.68,50,5.82
575,superior,40.0,US,1568082274,93,47.19,-114.89,59,3.36
577,jumla,4.0,NP,1568082275,73,29.28,82.18,64.31,2.59
578,caconda,33.0,AO,1568082275,68,-13.73,15.06,49.73,1.28
579,torrelodones,0.0,ES,1568082275,39,40.58,-3.93,70,2.24
580,ubinskoye,100.0,RU,1568082275,92,55.31,79.68,52.07,9.55
581,ahuimanu,20.0,US,1568082275,46,21.44,-157.84,91.4,20.8
582,farafangana,93.0,MG,1568082276,93,-22.82,47.83,63.77,1.83
583,carsamba,40.0,TR,1568082276,93,41.2,36.72,63,2.24
584,ribeira brava,75.0,PT,1568082276,68,32.65,-17.07,71.6,14.99
585,dingle,98.0,PH,1568082276,54,11,122.67,88.79,5.28
586,pacifica,1.0,US,1568082276,88,37.61,-122.49,68,10.29
587,tual,1.0,ID,1568082276,80,-5.67,132.75,75.47,21.21
588,tessalit,14.0,ML,1568082277,32,20.2,1.01,91.67,9.8
589,port hardy,75.0,CA,1568082277,87,50.7,-127.42,59,2.24
590,shestakovo,67.0,RU,1568082277,54,56.49,103.96,56.57,6.98
591,tretten,97.0,NO,1568082277,96,61.31,10.3,46.99,5.01
592,pauini,92.0,BR,1568082277,70,-7.71,-67,77.81,2.48
593,jinzhou,100.0,CN,1568082277,59,41.11,121.12,66.83,9.48
594,dongsheng,2.0,CN,1568082278,57,29.72,112.52,87.89,4.9
595,igarka,98.0,RU,1568082278,57,67.47,86.57,40.73,8.7
596,egvekinot,100.0,RU,1568082278,54,66.32,-179.17,48.47,3.13
597,kiama,0.0,AU,1568082278,41,-34.67,150.86,64.99,16.11
598,malanje,100.0,AO,1568082278,84,-9.54,16.35,63.77,8.19
599,gafanha da encarnacao,20.0,PT,1568082279,87,40.62,-8.73,60.01,10.29
600,francavilla al mare,0.0,IT,1568082279,87,42.42,14.29,66,4.7
601,saint anthony,1.0,US,1568082279,51,43.97,-111.68,62.6,3.36
602,oarai,40.0,JP,1568082279,70,36.31,140.57,93,4.7
604,nantucket,1.0,US,1568082279,93,41.28,-70.1,64,3.36
605,santa isabel,20.0,MX,1568082280,33,32.63,-115.58,91.4,11.41
606,bay roberts,5.0,CA,1568082280,93,47.58,-53.28,48.99,10.29
607,baracoa,73.0,CU,1568082280,74,20.35,-74.5,83.93,15.57
610,zhezkazgan,0.0,KZ,1568082280,93,47.8,67.71,44.6,6.71
611,popondetta,39.0,PG,1568082280,43,-8.77,148.24,78.17,5.55
612,tocopilla,0.0,CL,1568082281,80,-22.09,-70.2,59.63,16.51
613,muzhi,100.0,RU,1568082281,83,65.4,64.7,48.11,17.34
614,kloulklubed,90.0,PW,1568082281,79,7.04,134.26,84.2,23.04
615,yanji,94.0,CN,1568082281,44,42.89,129.5,71.69,6.33
616,granger,90.0,US,1568082222,82,41.75,-86.11,72,6.93
617,kjollefjord,100.0,NO,1568082281,55,70.95,27.35,52.07,7.7
618,desnogorsk,100.0,RU,1568082281,92,54.15,33.29,54.41,6.67
619,chalus,90.0,IR,1568082282,88,36.66,51.42,68,9.37
620,yarada,90.0,IN,1568082282,88,17.65,83.27,82.4,11.41
621,bohodukhiv,0.0,UA,1568082282,50,50.16,35.52,57.2,6.71
622,aswan,0.0,EG,1568082282,39,24.09,32.9,80.6,5.82
623,balaciu,0.0,RO,1568082282,82,44.64,26.9,63,6.93
624,kudahuvadhoo,73.0,MV,1568082283,72,2.67,72.89,83.21,6.6
625,karasburg,0.0,NA,1568082283,61,-28.01,18.75,53.15,2.26
